Year,Life Expectancy
2019,69.21314782608695
2020,69.36380869565218
2021,69.47424347826087
2022,69.74751304347826
2023,70.01819130434782
2024,70.20378238341968
