,Pop_den,HDI,urbanicity,Predicted_Cases
14,1.273299558046783,0.8345,0.930290646505034,417.958
8,1.043079315707621,0.8472,0.972088194724102,325.785
5,1.401622756777396,0.8156,0.993513581394413,174.895
18,0.970690356706904,0.8081,0.850775278712301,235.22
6,1.549495374264087,0.8211,0.993513581394413,169.953
16,1.027223373098078,0.8029,0.850775278712301,208.376
