,Pop_den,HDI,urbanicity,Predicted_Cases
7,1.555340622371741,0.8253,0.993513581394413,329.051
0,1.485261973641916,0.8138,0.951916581549371,183.108
16,1.027223373098078,0.8029,0.850775278712301,243.437
5,1.401622756777396,0.8156,0.993513581394413,167.616
8,1.043079315707621,0.8472,0.972088194724102,326.039
13,1.299244663382595,0.8297,0.930290646505034,407.332
